{
	"credit": "Made with Blockbench",
	"texture_size": [32, 32],
	"textures": {
		"0": "chess:block/black_bishop",
		"particle": "chess:block/black_bishop"
	},
	"elements": [
		{
			"from": [7, 6, 7],
			"to": [9, 8, 9],
			"rotation": {"angle": 0, "axis": "y", "origin": [0, -15, 0]},
			"faces": {
				"north": {"uv": [1.5, 5.5, 2, 6], "texture": "#0", "tintindex": 0},
				"east": {"uv": [1.5, 6, 2, 6.5], "texture": "#0"},
				"south": {"uv": [5, 6, 5.5, 6.5], "texture": "#0"},
				"west": {"uv": [1.5, 6.5, 2, 7], "texture": "#0"},
				"up": {"uv": [2, 7.5, 1.5, 7], "texture": "#0"},
				"down": {"uv": [9, 2.5, 8.5, 3], "texture": "#0"}
			}
		},
		{
			"from": [6, 5, 6],
			"to": [10, 6, 10],
			"rotation": {"angle": 0, "axis": "y", "origin": [0, -15, 0]},
			"faces": {
				"north": {"uv": [6, 7.5, 7, 7.75], "texture": "#0", "tintindex": 0},
				"east": {"uv": [0, 8.25, 1, 8.5], "texture": "#0"},
				"south": {"uv": [3, 8.5, 4, 8.75], "texture": "#0"},
				"west": {"uv": [8.5, 3, 9.5, 3.25], "texture": "#0"},
				"up": {"uv": [5, 7, 4, 6], "texture": "#0"},
				"down": {"uv": [7.5, 0, 6.5, 1], "texture": "#0"}
			}
		},
		{
			"from": [5, -14, 5],
			"to": [11, -12, 11],
			"rotation": {"angle": 0, "axis": "y", "origin": [0, -15, 0]},
			"faces": {
				"north": {"uv": [5, 6.5, 6.5, 7], "texture": "#0", "tintindex": 0},
				"east": {"uv": [6.5, 6.5, 8, 7], "texture": "#0"},
				"south": {"uv": [0, 7, 1.5, 7.5], "texture": "#0"},
				"west": {"uv": [7, 3, 8.5, 3.5], "texture": "#0"},
				"up": {"uv": [1.5, 5.5, 0, 4], "texture": "#0"},
				"down": {"uv": [5.5, 0, 4, 1.5], "texture": "#0"}
			}
		},
		{
			"from": [5, -11, 5],
			"to": [11, -10, 11],
			"rotation": {"angle": 0, "axis": "y", "origin": [0, -15, 0]},
			"faces": {
				"north": {"uv": [2, 8.25, 3.5, 8.5], "texture": "#0", "tintindex": 0},
				"east": {"uv": [3.5, 8.25, 5, 8.5], "texture": "#0"},
				"south": {"uv": [5, 8.25, 6.5, 8.5], "texture": "#0"},
				"west": {"uv": [6.5, 8.25, 8, 8.5], "texture": "#0"},
				"up": {"uv": [5.5, 3, 4, 1.5], "texture": "#0"},
				"down": {"uv": [5.5, 3, 4, 4.5], "texture": "#0"}
			}
		},
		{
			"from": [6, -15, 6],
			"to": [10, 0, 10],
			"rotation": {"angle": 0, "axis": "y", "origin": [0, -15, 0]},
			"faces": {
				"north": {"uv": [2, 0, 3, 3.75], "texture": "#0", "tintindex": 0},
				"east": {"uv": [3, 0, 4, 3.75], "texture": "#0"},
				"south": {"uv": [2, 3.75, 3, 7.5], "texture": "#0"},
				"west": {"uv": [3, 3.75, 4, 7.5], "texture": "#0"},
				"up": {"uv": [7.5, 2, 6.5, 1], "texture": "#0"},
				"down": {"uv": [7.5, 2, 6.5, 3], "texture": "#0"}
			}
		},
		{
			"from": [5, -3, 5],
			"to": [11, -1, 11],
			"rotation": {"angle": 0, "axis": "y", "origin": [0, -15, 0]},
			"faces": {
				"north": {"uv": [7, 3.5, 8.5, 4], "texture": "#0", "tintindex": 0},
				"east": {"uv": [4, 7, 5.5, 7.5], "texture": "#0"},
				"south": {"uv": [7, 4, 8.5, 4.5], "texture": "#0"},
				"west": {"uv": [7, 4.5, 8.5, 5], "texture": "#0"},
				"up": {"uv": [5.5, 6, 4, 4.5], "texture": "#0"},
				"down": {"uv": [1.5, 5.5, 0, 7], "texture": "#0"}
			}
		},
		{
			"from": [4, -15, 4],
			"to": [12, -14, 12],
			"rotation": {"angle": 0, "axis": "y", "origin": [0, -15, 0]},
			"faces": {
				"north": {"uv": [6, 7.75, 8, 8], "texture": "#0", "tintindex": 0},
				"east": {"uv": [6, 8, 8, 8.25], "texture": "#0"},
				"south": {"uv": [8, 6.5, 10, 6.75], "texture": "#0"},
				"west": {"uv": [8, 6.75, 10, 7], "texture": "#0"},
				"up": {"uv": [2, 2, 0, 0], "texture": "#0"},
				"down": {"uv": [2, 2, 0, 4], "texture": "#0"}
			}
		},
		{
			"from": [6, 0, 5],
			"to": [10, 2, 11],
			"rotation": {"angle": 0, "axis": "y", "origin": [0, -15, 0]},
			"faces": {
				"north": {"uv": [1, 8, 2, 8.5], "texture": "#0", "tintindex": 0},
				"east": {"uv": [7, 5, 8.5, 5.5], "texture": "#0"},
				"south": {"uv": [8, 7, 9, 7.5], "texture": "#0"},
				"west": {"uv": [5.5, 7, 7, 7.5], "texture": "#0"},
				"up": {"uv": [6.5, 1.5, 5.5, 0], "texture": "#0"},
				"down": {"uv": [6.5, 1.5, 5.5, 3], "texture": "#0"}
			}
		},
		{
			"from": [5, 0, 6],
			"to": [11, 2, 10],
			"rotation": {"angle": 0, "axis": "y", "origin": [0, -15, 0]},
			"faces": {
				"north": {"uv": [7, 5.5, 8.5, 6], "texture": "#0", "tintindex": 0},
				"east": {"uv": [8, 7.5, 9, 8], "texture": "#0"},
				"south": {"uv": [7, 6, 8.5, 6.5], "texture": "#0"},
				"west": {"uv": [8, 8, 9, 8.5], "texture": "#0"},
				"up": {"uv": [7, 4, 5.5, 3], "texture": "#0"},
				"down": {"uv": [7, 4, 5.5, 5], "texture": "#0"}
			}
		},
		{
			"from": [6, 4, 5],
			"to": [10, 5, 8],
			"rotation": {"angle": 0, "axis": "y", "origin": [0, -15, 0]},
			"faces": {
				"north": {"uv": [8.5, 3.25, 9.5, 3.5], "texture": "#0", "tintindex": 0},
				"east": {"uv": [8.5, 4.5, 9.25, 4.75], "texture": "#0"},
				"south": {"uv": [8.5, 3.5, 9.5, 3.75], "texture": "#0"},
				"west": {"uv": [8.5, 4.75, 9.25, 5], "texture": "#0"},
				"up": {"uv": [8, 7.75, 7, 7], "texture": "#0"},
				"down": {"uv": [1, 7.5, 0, 8.25], "texture": "#0"}
			}
		},
		{
			"from": [5, 4, 6],
			"to": [11, 5, 8],
			"rotation": {"angle": 0, "axis": "y", "origin": [0, -15, 0]},
			"faces": {
				"north": {"uv": [0, 8.5, 1.5, 8.75], "texture": "#0", "tintindex": 0},
				"east": {"uv": [2, 8, 2.5, 8.25], "texture": "#0"},
				"south": {"uv": [1.5, 8.5, 3, 8.75], "texture": "#0"},
				"west": {"uv": [5, 8.5, 5.5, 8.75], "texture": "#0"},
				"up": {"uv": [9, 0.5, 7.5, 0], "texture": "#0"},
				"down": {"uv": [9, 0.5, 7.5, 1], "texture": "#0"}
			}
		},
		{
			"from": [6, 2, 5],
			"to": [10, 3, 6],
			"rotation": {"angle": 0, "axis": "y", "origin": [0, -15, 0]},
			"faces": {
				"north": {"uv": [8.5, 3.75, 9.5, 4], "texture": "#0", "tintindex": 0},
				"east": {"uv": [8.5, 5, 8.75, 5.25], "texture": "#0"},
				"south": {"uv": [4, 8.5, 5, 8.75], "texture": "#0"},
				"west": {"uv": [8.5, 5.25, 8.75, 5.5], "texture": "#0"},
				"up": {"uv": [9.5, 4.25, 8.5, 4], "texture": "#0"},
				"down": {"uv": [9.5, 4.25, 8.5, 4.5], "texture": "#0"}
			}
		},
		{
			"from": [5, 2, 6],
			"to": [11, 3, 7],
			"rotation": {"angle": 0, "axis": "y", "origin": [0, -15, 0]},
			"faces": {
				"north": {"uv": [8.5, 1.5, 10, 1.75], "texture": "#0", "tintindex": 0},
				"east": {"uv": [5.5, 8.5, 5.75, 8.75], "texture": "#0"},
				"south": {"uv": [8.5, 1.75, 10, 2], "texture": "#0"},
				"west": {"uv": [8.5, 5.5, 8.75, 5.75], "texture": "#0"},
				"up": {"uv": [10, 2.25, 8.5, 2], "texture": "#0"},
				"down": {"uv": [10, 2.25, 8.5, 2.5], "texture": "#0"}
			}
		},
		{
			"from": [5, 2, 8],
			"to": [11, 5, 10],
			"rotation": {"angle": 0, "axis": "y", "origin": [0, -15, 0]},
			"faces": {
				"north": {"uv": [5.5, 5, 7, 5.75], "texture": "#0", "tintindex": 0},
				"east": {"uv": [1.5, 4, 2, 4.75], "texture": "#0"},
				"south": {"uv": [5.5, 5.75, 7, 6.5], "texture": "#0"},
				"west": {"uv": [1.5, 4.75, 2, 5.5], "texture": "#0"},
				"up": {"uv": [2.5, 8, 1, 7.5], "texture": "#0"},
				"down": {"uv": [9, 1, 7.5, 1.5], "texture": "#0"}
			}
		},
		{
			"from": [6, 2, 8],
			"to": [10, 5, 11],
			"rotation": {"angle": 0, "axis": "y", "origin": [0, -15, 0]},
			"faces": {
				"north": {"uv": [7.5, 1.5, 8.5, 2.25], "texture": "#0", "tintindex": 0},
				"east": {"uv": [4.5, 7.5, 5.25, 8.25], "texture": "#0"},
				"south": {"uv": [7.5, 2.25, 8.5, 3], "texture": "#0"},
				"west": {"uv": [5.25, 7.5, 6, 8.25], "texture": "#0"},
				"up": {"uv": [3.5, 8.25, 2.5, 7.5], "texture": "#0"},
				"down": {"uv": [4.5, 7.5, 3.5, 8.25], "texture": "#0"}
			}
		}
	],
	"display": {
		"thirdperson_righthand": {
			"rotation": [32, 0, 0],
			"translation": [0, 3, 2],
			"scale": [0.3, 0.3, 0.3]
		},
		"thirdperson_lefthand": {
			"rotation": [17, 0, 0],
			"translation": [0, -1.25, 0.5],
			"scale": [0.3, 0.3, 0.3]
		},
		"firstperson_righthand": {
			"rotation": [32, 0, 0],
			"translation": [0, 4.25, 3],
			"scale": [0.3, 0.3, 0.28]
		},
		"firstperson_lefthand": {
			"rotation": [32, 0, 0],
			"translation": [6.25, 3.25, 3],
			"scale": [0.3, 0.3, 0.3]
		},
		"ground": {
			"translation": [0, -2.5, 0],
			"scale": [0.3, 0.3, 0.3]
		},
		"gui": {
			"translation": [0, 9.75, 0],
			"scale": [0.7, 0.7, 0.7]
		},
		"head": {
			"translation": [0, 5, 0],
			"scale": [1, 0.82, 1]
		},
		"fixed": {
			"translation": [0, -2.25, 0],
			"scale": [0.8, 0.8, 1]
		}
	},
	"groups": [
		{
			"name": "Bishop",
			"origin": [0, -15, 0],
			"color": 0,
			"children": [0, 1, 2, 3, 4, 5, 6, 7, 8, 9, 10, 11, 12, 13, 14]
		}
	]
}