{
	"credit": "Made with Blockbench",
	"texture_size": [64, 64],
	"textures": {
		"0": "chess:block/black_queen",
		"particle": "chess:block/black_queen"
	},
	"elements": [
		{
			"from": [7, 6, 5],
			"to": [9, 7, 6],
			"rotation": {"angle": 0, "axis": "y", "origin": [0, -16, 0]},
			"faces": {
				"north": {"uv": [1, 7, 1.5, 7.25], "texture": "#0", "tintindex": 0},
				"east": {"uv": [7.25, 8.25, 7.5, 8.5], "texture": "#0"},
				"south": {"uv": [1.5, 7, 2, 7.25], "texture": "#0"},
				"west": {"uv": [7.5, 8.25, 7.75, 8.5], "texture": "#0"},
				"up": {"uv": [3.5, 7.5, 3, 7.25], "texture": "#0"},
				"down": {"uv": [6.5, 7.5, 6, 7.75], "texture": "#0"}
			}
		},
		{
			"from": [5, -11, 5],
			"to": [11, -8, 11],
			"rotation": {"angle": 0, "axis": "y", "origin": [0, -16, 0]},
			"faces": {
				"north": {"uv": [5, 6, 6.5, 6.75], "texture": "#0", "tintindex": 0},
				"east": {"uv": [2, 6.5, 3.5, 7.25], "texture": "#0"},
				"south": {"uv": [6.5, 6, 8, 6.75], "texture": "#0"},
				"west": {"uv": [5, 6.75, 6.5, 7.5], "texture": "#0"},
				"up": {"uv": [3.5, 6.5, 2, 5], "texture": "#0"},
				"down": {"uv": [7.5, 0, 6, 1.5], "texture": "#0"}
			}
		},
		{
			"from": [6, -15, 6],
			"to": [10, 5, 10],
			"rotation": {"angle": 0, "axis": "y", "origin": [0, -16, 0]},
			"faces": {
				"north": {"uv": [0, 0, 1, 5], "texture": "#0", "tintindex": 0},
				"east": {"uv": [1, 0, 2, 5], "texture": "#0"},
				"south": {"uv": [2, 0, 3, 5], "texture": "#0"},
				"west": {"uv": [3, 0, 4, 5], "texture": "#0"},
				"up": {"uv": [7.5, 7.75, 6.5, 6.75], "texture": "#0"},
				"down": {"uv": [1, 7, 0, 8], "texture": "#0"}
			}
		},
		{
			"from": [5, 0, 5],
			"to": [11, 2, 11],
			"rotation": {"angle": 0, "axis": "y", "origin": [0, -16, 0]},
			"faces": {
				"north": {"uv": [3, 7.5, 4.5, 8], "texture": "#0", "tintindex": 0},
				"east": {"uv": [7.5, 3.5, 9, 4], "texture": "#0"},
				"south": {"uv": [7.5, 4, 9, 4.5], "texture": "#0"},
				"west": {"uv": [4.5, 7.5, 6, 8], "texture": "#0"},
				"up": {"uv": [7.5, 3, 6, 1.5], "texture": "#0"},
				"down": {"uv": [7.5, 3, 6, 4.5], "texture": "#0"}
			}
		},
		{
			"from": [4, -15, 4],
			"to": [12, -13, 12],
			"rotation": {"angle": 0, "axis": "y", "origin": [0, -16, 0]},
			"faces": {
				"north": {"uv": [1, 7.25, 3, 7.75], "texture": "#0", "tintindex": 0},
				"east": {"uv": [7.5, 0, 9.5, 0.5], "texture": "#0"},
				"south": {"uv": [7.5, 0.5, 9.5, 1], "texture": "#0"},
				"west": {"uv": [7.5, 1, 9.5, 1.5], "texture": "#0"},
				"up": {"uv": [6, 2, 4, 0], "texture": "#0"},
				"down": {"uv": [6, 2, 4, 4], "texture": "#0"}
			}
		},
		{
			"from": [4, -12, 4],
			"to": [12, -11, 12],
			"rotation": {"angle": 0, "axis": "y", "origin": [0, -16, 0]},
			"faces": {
				"north": {"uv": [7.5, 7.25, 9.5, 7.5], "texture": "#0", "tintindex": 0},
				"east": {"uv": [7.5, 7.5, 9.5, 7.75], "texture": "#0"},
				"south": {"uv": [1, 7.75, 3, 8], "texture": "#0"},
				"west": {"uv": [6, 7.75, 8, 8], "texture": "#0"},
				"up": {"uv": [6, 6, 4, 4], "texture": "#0"},
				"down": {"uv": [2, 5, 0, 7], "texture": "#0"}
			}
		},
		{
			"from": [5, 4, 5],
			"to": [11, 6, 11],
			"rotation": {"angle": 0, "axis": "y", "origin": [0, -16, 0]},
			"faces": {
				"north": {"uv": [7.5, 4.5, 9, 5], "texture": "#0", "tintindex": 0},
				"east": {"uv": [7.5, 5, 9, 5.5], "texture": "#0"},
				"south": {"uv": [7.5, 5.5, 9, 6], "texture": "#0"},
				"west": {"uv": [7.5, 6.75, 9, 7.25], "texture": "#0"},
				"up": {"uv": [5, 7.5, 3.5, 6], "texture": "#0"},
				"down": {"uv": [7.5, 4.5, 6, 6], "texture": "#0"}
			}
		},
		{
			"from": [5, 6, 7],
			"to": [6, 7, 9],
			"rotation": {"angle": 0, "axis": "y", "origin": [0, -16, 0]},
			"faces": {
				"north": {"uv": [8.25, 7.75, 8.5, 8], "texture": "#0", "tintindex": 0},
				"east": {"uv": [6, 8, 6.5, 8.25], "texture": "#0"},
				"south": {"uv": [8, 8.25, 8.25, 8.5], "texture": "#0"},
				"west": {"uv": [8, 6, 8.5, 6.25], "texture": "#0"},
				"up": {"uv": [8.25, 6.75, 8, 6.25], "texture": "#0"},
				"down": {"uv": [6.75, 8, 6.5, 8.5], "texture": "#0"}
			}
		},
		{
			"from": [10, 6, 7],
			"to": [11, 7, 9],
			"rotation": {"angle": 0, "axis": "y", "origin": [0, -16, 0]},
			"faces": {
				"north": {"uv": [8.25, 8, 8.5, 8.25], "texture": "#0", "tintindex": 0},
				"east": {"uv": [6.75, 8, 7.25, 8.25], "texture": "#0"},
				"south": {"uv": [8.25, 8.25, 8.5, 8.5], "texture": "#0"},
				"west": {"uv": [7.25, 8, 7.75, 8.25], "texture": "#0"},
				"up": {"uv": [8, 8.5, 7.75, 8], "texture": "#0"},
				"down": {"uv": [8.25, 7.75, 8, 8.25], "texture": "#0"}
			}
		},
		{
			"from": [7, 6, 10],
			"to": [9, 7, 11],
			"rotation": {"angle": 0, "axis": "y", "origin": [0, -16, 0]},
			"faces": {
				"north": {"uv": [6, 8.25, 6.5, 8.5], "texture": "#0", "tintindex": 0},
				"east": {"uv": [0, 8.5, 0.25, 8.75], "texture": "#0"},
				"south": {"uv": [8.25, 6.25, 8.75, 6.5], "texture": "#0"},
				"west": {"uv": [0.25, 8.5, 0.5, 8.75], "texture": "#0"},
				"up": {"uv": [8.75, 6.75, 8.25, 6.5], "texture": "#0"},
				"down": {"uv": [7.25, 8.25, 6.75, 8.5], "texture": "#0"}
			}
		},
		{
			"from": [10, 6, 5],
			"to": [11, 7, 6],
			"rotation": {"angle": 0, "axis": "y", "origin": [0, -16, 0]},
			"faces": {
				"north": {"uv": [0.5, 8.5, 0.75, 8.75], "texture": "#0", "tintindex": 0},
				"east": {"uv": [0.75, 8.5, 1, 8.75], "texture": "#0"},
				"south": {"uv": [1, 8.5, 1.25, 8.75], "texture": "#0"},
				"west": {"uv": [1.25, 8.5, 1.5, 8.75], "texture": "#0"},
				"up": {"uv": [1.75, 8.75, 1.5, 8.5], "texture": "#0"},
				"down": {"uv": [8.75, 1.5, 8.5, 1.75], "texture": "#0"}
			}
		},
		{
			"from": [10, 6, 10],
			"to": [11, 7, 11],
			"rotation": {"angle": 0, "axis": "y", "origin": [0, -16, 0]},
			"faces": {
				"north": {"uv": [1.75, 8.5, 2, 8.75], "texture": "#0", "tintindex": 0},
				"east": {"uv": [8.5, 1.75, 8.75, 2], "texture": "#0"},
				"south": {"uv": [2, 8.5, 2.25, 8.75], "texture": "#0"},
				"west": {"uv": [8.5, 2, 8.75, 2.25], "texture": "#0"},
				"up": {"uv": [2.5, 8.75, 2.25, 8.5], "texture": "#0"},
				"down": {"uv": [8.75, 2.25, 8.5, 2.5], "texture": "#0"}
			}
		},
		{
			"from": [5, 6, 10],
			"to": [6, 7, 11],
			"rotation": {"angle": 0, "axis": "y", "origin": [0, -16, 0]},
			"faces": {
				"north": {"uv": [2.5, 8.5, 2.75, 8.75], "texture": "#0", "tintindex": 0},
				"east": {"uv": [8.5, 2.5, 8.75, 2.75], "texture": "#0"},
				"south": {"uv": [2.75, 8.5, 3, 8.75], "texture": "#0"},
				"west": {"uv": [8.5, 2.75, 8.75, 3], "texture": "#0"},
				"up": {"uv": [3.25, 8.75, 3, 8.5], "texture": "#0"},
				"down": {"uv": [8.75, 3, 8.5, 3.25], "texture": "#0"}
			}
		},
		{
			"from": [5, 6, 5],
			"to": [6, 7, 6],
			"rotation": {"angle": 0, "axis": "y", "origin": [0, -16, 0]},
			"faces": {
				"north": {"uv": [3.25, 8.5, 3.5, 8.75], "texture": "#0", "tintindex": 0},
				"east": {"uv": [8.5, 3.25, 8.75, 3.5], "texture": "#0"},
				"south": {"uv": [3.5, 8.5, 3.75, 8.75], "texture": "#0"},
				"west": {"uv": [3.75, 8.5, 4, 8.75], "texture": "#0"},
				"up": {"uv": [4.25, 8.75, 4, 8.5], "texture": "#0"},
				"down": {"uv": [4.5, 8.5, 4.25, 8.75], "texture": "#0"}
			}
		},
		{
			"from": [7, 8, 7],
			"to": [9, 10, 9],
			"rotation": {"angle": 0, "axis": "y", "origin": [0, -16, 0]},
			"faces": {
				"north": {"uv": [3.5, 5, 4, 5.5], "texture": "#0", "tintindex": 0},
				"east": {"uv": [3.5, 5.5, 4, 6], "texture": "#0"},
				"south": {"uv": [4, 8, 4.5, 8.5], "texture": "#0"},
				"west": {"uv": [4.5, 8, 5, 8.5], "texture": "#0"},
				"up": {"uv": [5.5, 8.5, 5, 8], "texture": "#0"},
				"down": {"uv": [6, 8, 5.5, 8.5], "texture": "#0"}
			}
		},
		{
			"from": [6, 6, 6],
			"to": [10, 8, 10],
			"rotation": {"angle": 0, "axis": "y", "origin": [0, -16, 0]},
			"faces": {
				"north": {"uv": [0, 8, 1, 8.5], "texture": "#0", "tintindex": 0},
				"east": {"uv": [1, 8, 2, 8.5], "texture": "#0"},
				"south": {"uv": [2, 8, 3, 8.5], "texture": "#0"},
				"west": {"uv": [3, 8, 4, 8.5], "texture": "#0"},
				"up": {"uv": [8.5, 2.5, 7.5, 1.5], "texture": "#0"},
				"down": {"uv": [8.5, 2.5, 7.5, 3.5], "texture": "#0"}
			}
		}
	],
	"display": {
		"thirdperson_righthand": {
			"rotation": [32, 0, 0],
			"translation": [0, 3, 2],
			"scale": [0.3, 0.3, 0.3]
		},
		"thirdperson_lefthand": {
			"rotation": [17, 0, 0],
			"translation": [0, -1.25, 0.5],
			"scale": [0.3, 0.3, 0.3]
		},
		"firstperson_righthand": {
			"rotation": [32, 0, 0],
			"translation": [0, 4.25, 3],
			"scale": [0.3, 0.3, 0.28]
		},
		"firstperson_lefthand": {
			"rotation": [32, 0, 0],
			"translation": [6.25, 3.25, 3],
			"scale": [0.3, 0.3, 0.3]
		},
		"ground": {
			"translation": [0, -2.5, 0],
			"scale": [0.3, 0.3, 0.3]
		},
		"gui": {
			"translation": [0, -2.5, 0],
			"scale": [0.7, 0.7, 0.7]
		},
		"head": {
			"translation": [0, 5, 0],
			"scale": [1, 0.82, 1]
		},
		"fixed": {
			"translation": [0, -2.25, 0],
			"scale": [0.8, 0.8, 0.8]
		}
	},
	"groups": [
		{
			"name": "Queen",
			"origin": [0, -16, 0],
			"color": 0,
			"children": [0, 1, 2, 3, 4, 5, 6, 7, 8, 9, 10, 11, 12, 13, 14, 15]
		}
	]
}