{
	"credit": "Made with Blockbench",
	"texture_size": [32, 32],
	"textures": {
		"0": "chess:block/black_pawn",
		"particle": "chess:block/black_pawn"
	},
	"elements": [
		{
			"from": [5, -15, 5],
			"to": [11, -13, 11],
			"rotation": {"angle": 0, "axis": "y", "origin": [0, -15, 0]},
			"faces": {
				"north": {"uv": [7, 8, 10, 9], "texture": "#0"},
				"east": {"uv": [9, 0, 12, 1], "texture": "#0"},
				"south": {"uv": [9, 1, 12, 2], "texture": "#0"},
				"west": {"uv": [9, 2, 12, 3], "texture": "#0"},
				"up": {"uv": [3, 3, 0, 0], "texture": "#0"},
				"down": {"uv": [3, 3, 0, 6], "texture": "#0"}
			}
		},
		{
			"from": [5, -12, 5],
			"to": [11, -11, 11],
			"rotation": {"angle": 0, "axis": "y", "origin": [0, -15, 0]},
			"faces": {
				"north": {"uv": [12, 0, 15, 0.5], "texture": "#0"},
				"east": {"uv": [12, 0.5, 15, 1], "texture": "#0"},
				"south": {"uv": [12, 1, 15, 1.5], "texture": "#0"},
				"west": {"uv": [12, 1.5, 15, 2], "texture": "#0"},
				"up": {"uv": [6, 3, 3, 0], "texture": "#0"},
				"down": {"uv": [6, 3, 3, 6], "texture": "#0"}
			}
		},
		{
			"from": [6, -11, 6],
			"to": [10, -10, 10],
			"rotation": {"angle": 0, "axis": "y", "origin": [0, -15, 0]},
			"faces": {
				"north": {"uv": [12, 2, 14, 2.5], "texture": "#0"},
				"east": {"uv": [12, 2.5, 14, 3], "texture": "#0"},
				"south": {"uv": [12, 3, 14, 3.5], "texture": "#0"},
				"west": {"uv": [12, 3.5, 14, 4], "texture": "#0"},
				"up": {"uv": [5, 8, 3, 6], "texture": "#0"},
				"down": {"uv": [7, 6, 5, 8], "texture": "#0"}
			}
		},
		{
			"from": [7, -14, 7],
			"to": [9, -3, 9],
			"rotation": {"angle": 0, "axis": "y", "origin": [0, -15, 0]},
			"faces": {
				"north": {"uv": [0, 6, 1, 11.5], "texture": "#0"},
				"east": {"uv": [6, 0, 7, 5.5], "texture": "#0"},
				"south": {"uv": [1, 6, 2, 11.5], "texture": "#0"},
				"west": {"uv": [2, 6, 3, 11.5], "texture": "#0"},
				"up": {"uv": [13, 5, 12, 4], "texture": "#0"},
				"down": {"uv": [6, 12, 5, 13], "texture": "#0"}
			}
		},
		{
			"from": [6, -8, 7],
			"to": [10, -4, 9],
			"rotation": {"angle": 0, "axis": "y", "origin": [0, -15, 0]},
			"faces": {
				"north": {"uv": [7, 0, 9, 2], "texture": "#0"},
				"east": {"uv": [5, 10, 6, 12], "texture": "#0"},
				"south": {"uv": [7, 2, 9, 4], "texture": "#0"},
				"west": {"uv": [6, 10, 7, 12], "texture": "#0"},
				"up": {"uv": [9, 11, 7, 10], "texture": "#0"},
				"down": {"uv": [12, 8, 10, 9], "texture": "#0"}
			}
		},
		{
			"from": [5, -7, 7],
			"to": [11, -5, 9],
			"rotation": {"angle": 0, "axis": "y", "origin": [0, -15, 0]},
			"faces": {
				"north": {"uv": [9, 3, 12, 4], "texture": "#0"},
				"east": {"uv": [12, 5, 13, 6], "texture": "#0"},
				"south": {"uv": [9, 4, 12, 5], "texture": "#0"},
				"west": {"uv": [6, 12, 7, 13], "texture": "#0"},
				"up": {"uv": [12, 6, 9, 5], "texture": "#0"},
				"down": {"uv": [12, 6, 9, 7], "texture": "#0"}
			}
		},
		{
			"from": [7, -7, 5],
			"to": [9, -5, 11],
			"rotation": {"angle": 0, "axis": "y", "origin": [0, -15, 0]},
			"faces": {
				"north": {"uv": [12, 6, 13, 7], "texture": "#0"},
				"east": {"uv": [7, 9, 10, 10], "texture": "#0"},
				"south": {"uv": [7, 12, 8, 13], "texture": "#0"},
				"west": {"uv": [9, 7, 12, 8], "texture": "#0"},
				"up": {"uv": [4, 13, 3, 10], "texture": "#0"},
				"down": {"uv": [5, 10, 4, 13], "texture": "#0"}
			}
		},
		{
			"from": [6, -7, 6],
			"to": [10, -5, 10],
			"rotation": {"angle": 0, "axis": "y", "origin": [0, -15, 0]},
			"faces": {
				"north": {"uv": [9, 10, 11, 11], "texture": "#0"},
				"east": {"uv": [10, 9, 12, 10], "texture": "#0"},
				"south": {"uv": [7, 11, 9, 12], "texture": "#0"},
				"west": {"uv": [9, 11, 11, 12], "texture": "#0"},
				"up": {"uv": [9, 6, 7, 4], "texture": "#0"},
				"down": {"uv": [9, 6, 7, 8], "texture": "#0"}
			}
		},
		{
			"from": [7, -8, 6],
			"to": [9, -4, 10],
			"rotation": {"angle": 0, "axis": "y", "origin": [0, -15, 0]},
			"faces": {
				"north": {"uv": [11, 10, 12, 12], "texture": "#0"},
				"east": {"uv": [3, 8, 5, 10], "texture": "#0"},
				"south": {"uv": [0, 11.5, 1, 13.5], "texture": "#0"},
				"west": {"uv": [5, 8, 7, 10], "texture": "#0"},
				"up": {"uv": [2, 13.5, 1, 11.5], "texture": "#0"},
				"down": {"uv": [3, 11.5, 2, 13.5], "texture": "#0"}
			}
		}
	],
	"display": {
		"thirdperson_righthand": {
			"rotation": [32, 0, 0],
			"translation": [0, 4.25, 2.5],
			"scale": [0.3, 0.3, 0.3]
		},
		"thirdperson_lefthand": {
			"rotation": [17, 0, 0],
			"translation": [0, -1.25, 0.5],
			"scale": [0.3, 0.3, 0.3]
		},
		"firstperson_righthand": {
			"rotation": [32, 0, 0],
			"translation": [0, 4.25, 3],
			"scale": [0.3, 0.3, 0.28]
		},
		"firstperson_lefthand": {
			"rotation": [32, 0, 0],
			"translation": [6.25, 3.25, 3],
			"scale": [0.3, 0.3, 0.3]
		},
		"ground": {
			"translation": [0, -2.5, 0],
			"scale": [0.3, 0.3, 0.3]
		},
		"gui": {
			"translation": [0, -2.5, 0],
			"scale": [0.7, 0.7, 0.7]
		},
		"head": {
			"translation": [0, 5, 0],
			"scale": [1, 0.82, 1]
		},
		"fixed": {
			"translation": [0, -2.25, 0],
			"scale": [0.8, 0.8, 0.8]
		}
	},
	"groups": [
		{
			"name": "Pawn",
			"origin": [0, -15, 0],
			"color": 0,
			"children": [0, 1, 2, 3, 4, 5, 6, 7, 8]
		}
	]
}