{
	"credit": "Made with Blockbench",
	"texture_size": [64, 64],
	"textures": {
		"0": "chess:block/white_king",
		"particle": "chess:block/white_king"
	},
	"elements": [
		{
			"from": [6, 7, 6],
			"to": [10, 8, 10],
			"rotation": {"angle": 0, "axis": "y", "origin": [0, -16, 0]},
			"faces": {
				"north": {"uv": [3, 5, 4, 5.25], "texture": "#0", "tintindex": 0},
				"east": {"uv": [3, 5.25, 4, 5.5], "texture": "#0"},
				"south": {"uv": [1.5, 7.5, 2.5, 7.75], "texture": "#0"},
				"west": {"uv": [1.5, 7.75, 2.5, 8], "texture": "#0"},
				"up": {"uv": [7, 4, 6, 3], "texture": "#0"},
				"down": {"uv": [2.5, 6.5, 1.5, 7.5], "texture": "#0"}
			}
		},
		{
			"from": [7, 8, 7],
			"to": [9, 14, 9],
			"rotation": {"angle": 0, "axis": "y", "origin": [0, -16, 0]},
			"faces": {
				"north": {"uv": [3.5, 7, 4, 8.5], "texture": "#0", "tintindex": 0},
				"east": {"uv": [4, 7, 4.5, 8.5], "texture": "#0"},
				"south": {"uv": [7, 4, 7.5, 5.5], "texture": "#0"},
				"west": {"uv": [4.5, 7, 5, 8.5], "texture": "#0"},
				"up": {"uv": [3, 7, 2.5, 6.5], "texture": "#0"},
				"down": {"uv": [8.5, 8, 8, 8.5], "texture": "#0"}
			}
		},
		{
			"from": [5, 10, 7],
			"to": [11, 12, 9],
			"rotation": {"angle": 0, "axis": "y", "origin": [0, -16, 0]},
			"faces": {
				"north": {"uv": [5, 7, 6.5, 7.5], "texture": "#0", "tintindex": 0},
				"east": {"uv": [0, 8.25, 0.5, 8.75], "texture": "#0"},
				"south": {"uv": [6.5, 7, 8, 7.5], "texture": "#0"},
				"west": {"uv": [0.5, 8.25, 1, 8.75], "texture": "#0"},
				"up": {"uv": [9, 0.5, 7.5, 0], "texture": "#0"},
				"down": {"uv": [9, 0.5, 7.5, 1], "texture": "#0"}
			}
		},
		{
			"from": [5, -14, 5],
			"to": [11, -12, 11],
			"rotation": {"angle": 0, "axis": "y", "origin": [0, -16, 0]},
			"faces": {
				"north": {"uv": [7.5, 1, 9, 1.5], "texture": "#0", "tintindex": 0},
				"east": {"uv": [7.5, 1.5, 9, 2], "texture": "#0"},
				"south": {"uv": [7.5, 2, 9, 2.5], "texture": "#0"},
				"west": {"uv": [7.5, 2.5, 9, 3], "texture": "#0"},
				"up": {"uv": [5.5, 5.5, 4, 4], "texture": "#0"},
				"down": {"uv": [1.5, 5, 0, 6.5], "texture": "#0"}
			}
		},
		{
			"from": [5, -11, 5],
			"to": [11, -10, 11],
			"rotation": {"angle": 0, "axis": "y", "origin": [0, -16, 0]},
			"faces": {
				"north": {"uv": [2, 8, 3.5, 8.25], "texture": "#0", "tintindex": 0},
				"east": {"uv": [8, 3.75, 9.5, 4], "texture": "#0"},
				"south": {"uv": [5, 8, 6.5, 8.25], "texture": "#0"},
				"west": {"uv": [6.5, 8, 8, 8.25], "texture": "#0"},
				"up": {"uv": [3, 6.5, 1.5, 5], "texture": "#0"},
				"down": {"uv": [4.5, 5.5, 3, 7], "texture": "#0"}
			}
		},
		{
			"from": [6, -15, 6],
			"to": [10, 5, 10],
			"rotation": {"angle": 0, "axis": "y", "origin": [0, -16, 0]},
			"faces": {
				"north": {"uv": [0, 0, 1, 5], "texture": "#0", "tintindex": 0},
				"east": {"uv": [1, 0, 2, 5], "texture": "#0"},
				"south": {"uv": [2, 0, 3, 5], "texture": "#0"},
				"west": {"uv": [3, 0, 4, 5], "texture": "#0"},
				"up": {"uv": [3.5, 8, 2.5, 7], "texture": "#0"},
				"down": {"uv": [8, 3, 7, 4], "texture": "#0"}
			}
		},
		{
			"from": [5, 0, 5],
			"to": [11, 2, 11],
			"rotation": {"angle": 0, "axis": "y", "origin": [0, -16, 0]},
			"faces": {
				"north": {"uv": [7.5, 4, 9, 4.5], "texture": "#0", "tintindex": 0},
				"east": {"uv": [7.5, 4.5, 9, 5], "texture": "#0"},
				"south": {"uv": [5, 7.5, 6.5, 8], "texture": "#0"},
				"west": {"uv": [7.5, 5, 9, 5.5], "texture": "#0"},
				"up": {"uv": [7, 5.5, 5.5, 4], "texture": "#0"},
				"down": {"uv": [6, 5.5, 4.5, 7], "texture": "#0"}
			}
		},
		{
			"from": [5, 3, 5],
			"to": [11, 4, 11],
			"rotation": {"angle": 0, "axis": "y", "origin": [0, -16, 0]},
			"faces": {
				"north": {"uv": [8, 7, 9.5, 7.25], "texture": "#0", "tintindex": 0},
				"east": {"uv": [8, 7.25, 9.5, 7.5], "texture": "#0"},
				"south": {"uv": [8, 7.5, 9.5, 7.75], "texture": "#0"},
				"west": {"uv": [8, 7.75, 9.5, 8], "texture": "#0"},
				"up": {"uv": [7.5, 1.5, 6, 0], "texture": "#0"},
				"down": {"uv": [7.5, 1.5, 6, 3], "texture": "#0"}
			}
		},
		{
			"from": [4, -15, 4],
			"to": [12, -14, 12],
			"rotation": {"angle": 0, "axis": "y", "origin": [0, -16, 0]},
			"faces": {
				"north": {"uv": [0, 8, 2, 8.25], "texture": "#0", "tintindex": 0},
				"east": {"uv": [8, 3, 10, 3.25], "texture": "#0"},
				"south": {"uv": [8, 3.25, 10, 3.5], "texture": "#0"},
				"west": {"uv": [8, 3.5, 10, 3.75], "texture": "#0"},
				"up": {"uv": [6, 2, 4, 0], "texture": "#0"},
				"down": {"uv": [6, 2, 4, 4], "texture": "#0"}
			}
		},
		{
			"from": [5, 5, 5],
			"to": [11, 7, 11],
			"rotation": {"angle": 0, "axis": "y", "origin": [0, -16, 0]},
			"faces": {
				"north": {"uv": [7.5, 5.5, 9, 6], "texture": "#0", "tintindex": 0},
				"east": {"uv": [7.5, 6, 9, 6.5], "texture": "#0"},
				"south": {"uv": [6.5, 7.5, 8, 8], "texture": "#0"},
				"west": {"uv": [7.5, 6.5, 9, 7], "texture": "#0"},
				"up": {"uv": [7.5, 7, 6, 5.5], "texture": "#0"},
				"down": {"uv": [1.5, 6.5, 0, 8], "texture": "#0"}
			}
		}
	],
	"display": {
		"thirdperson_righthand": {
			"rotation": [32, 0, 0],
			"translation": [0, 3, 2],
			"scale": [0.3, 0.3, 0.3]
		},
		"thirdperson_lefthand": {
			"rotation": [17, 0, 0],
			"translation": [0, -1.25, 0.5],
			"scale": [0.3, 0.3, 0.3]
		},
		"firstperson_righthand": {
			"rotation": [32, 0, 0],
			"translation": [0, 4.25, 3],
			"scale": [0.3, 0.3, 0.28]
		},
		"firstperson_lefthand": {
			"rotation": [32, 0, 0],
			"translation": [6.25, 3.25, 3],
			"scale": [0.3, 0.3, 0.3]
		},
		"ground": {
			"translation": [0, -2.5, 0],
			"scale": [0.3, 0.3, 0.3]
		},
		"gui": {
			"translation": [0, -2.5, 0],
			"scale": [0.7, 0.7, 0.7]
		},
		"head": {
			"translation": [0, 5, 0],
			"scale": [1, 0.82, 1]
		},
		"fixed": {
			"translation": [0, -2.25, 0],
			"scale": [0.8, 0.8, 0.8]
		}
	},
	"groups": [
		{
			"name": "King",
			"origin": [0, -16, 0],
			"color": 0,
			"children": [0, 1, 2, 3, 4, 5, 6, 7, 8, 9]
		}
	]
}