{
	"credit": "Made with Blockbench",
	"texture_size": [64, 64],
	"textures": {
		"0": "chess:block/white_knight",
		"particle": "chess:block/white_knight"
	},
	"elements": [
		{
			"from": [3, -15, 3],
			"to": [13, -14, 13],
			"rotation": {"angle": 0, "axis": "y", "origin": [0, -15, 0]},
			"faces": {
				"north": {"uv": [8, 5, 10.5, 5.25], "texture": "#0", "tintindex": 0},
				"east": {"uv": [8, 5.25, 10.5, 5.5], "texture": "#0"},
				"south": {"uv": [8, 5.5, 10.5, 5.75], "texture": "#0"},
				"west": {"uv": [8, 5.75, 10.5, 6], "texture": "#0"},
				"up": {"uv": [2.5, 2.5, 0, 0], "texture": "#0"},
				"down": {"uv": [2.5, 2.5, 0, 5], "texture": "#0"}
			}
		},
		{
			"from": [4, -15, 4],
			"to": [12, -12, 12],
			"rotation": {"angle": 0, "axis": "y", "origin": [0, -15, 0]},
			"faces": {
				"north": {"uv": [0, 5, 2, 5.75], "texture": "#0", "tintindex": 0},
				"east": {"uv": [5.5, 2, 7.5, 2.75], "texture": "#0"},
				"south": {"uv": [5.5, 2.75, 7.5, 3.5], "texture": "#0"},
				"west": {"uv": [5.5, 3.5, 7.5, 4.25], "texture": "#0"},
				"up": {"uv": [4.5, 2, 2.5, 0], "texture": "#0"},
				"down": {"uv": [4.5, 2, 2.5, 4], "texture": "#0"}
			}
		},
		{
			"from": [4, -11, 4],
			"to": [12, -10, 12],
			"rotation": {"angle": 0, "axis": "y", "origin": [0, -15, 0]},
			"faces": {
				"north": {"uv": [8, 7.25, 10, 7.5], "texture": "#0", "tintindex": 0},
				"east": {"uv": [7.5, 8, 9.5, 8.25], "texture": "#0"},
				"south": {"uv": [8, 7.5, 10, 7.75], "texture": "#0"},
				"west": {"uv": [8, 7.75, 10, 8], "texture": "#0"},
				"up": {"uv": [4.5, 6, 2.5, 4], "texture": "#0"},
				"down": {"uv": [6.5, 0, 4.5, 2], "texture": "#0"}
			}
		},
		{
			"from": [6, -15, 6],
			"to": [10, -9, 10],
			"rotation": {"angle": 0, "axis": "y", "origin": [0, -15, 0]},
			"faces": {
				"north": {"uv": [5.5, 4.25, 6.5, 5.75], "texture": "#0", "tintindex": 0},
				"east": {"uv": [4.5, 5.5, 5.5, 7], "texture": "#0"},
				"south": {"uv": [0, 5.75, 1, 7.25], "texture": "#0"},
				"west": {"uv": [1, 5.75, 2, 7.25], "texture": "#0"},
				"up": {"uv": [5, 8, 4, 7], "texture": "#0"},
				"down": {"uv": [1, 7.25, 0, 8.25], "texture": "#0"}
			}
		},
		{
			"from": [6, -9, 5],
			"to": [10, -8, 10],
			"rotation": {"angle": 0, "axis": "y", "origin": [0, -15, 0]},
			"faces": {
				"north": {"uv": [1, 8.25, 2, 8.5], "texture": "#0", "tintindex": 0},
				"east": {"uv": [7.5, 8.25, 8.75, 8.5], "texture": "#0"},
				"south": {"uv": [3, 8.25, 4, 8.5], "texture": "#0"},
				"west": {"uv": [1, 8.5, 2.25, 8.75], "texture": "#0"},
				"up": {"uv": [4, 7.25, 3, 6], "texture": "#0"},
				"down": {"uv": [7.5, 4.25, 6.5, 5.5], "texture": "#0"}
			}
		},
		{
			"from": [6, -8, 4],
			"to": [10, -5, 11],
			"rotation": {"angle": 0, "axis": "y", "origin": [0, -15, 0]},
			"faces": {
				"north": {"uv": [7.5, 3.5, 8.5, 4.25], "texture": "#0", "tintindex": 0},
				"east": {"uv": [6.5, 0, 8.25, 0.75], "texture": "#0"},
				"south": {"uv": [7.5, 4.25, 8.5, 5], "texture": "#0"},
				"west": {"uv": [6.5, 0.75, 8.25, 1.5], "texture": "#0"},
				"up": {"uv": [5.5, 3.75, 4.5, 2], "texture": "#0"},
				"down": {"uv": [5.5, 3.75, 4.5, 5.5], "texture": "#0"}
			}
		},
		{
			"from": [6, -5, 5],
			"to": [10, -4, 11],
			"rotation": {"angle": 0, "axis": "y", "origin": [0, -15, 0]},
			"faces": {
				"north": {"uv": [5, 8.25, 6, 8.5], "texture": "#0", "tintindex": 0},
				"east": {"uv": [8.25, 1, 9.75, 1.25], "texture": "#0"},
				"south": {"uv": [8.5, 2, 9.5, 2.25], "texture": "#0"},
				"west": {"uv": [8.25, 1.25, 9.75, 1.5], "texture": "#0"},
				"up": {"uv": [6.5, 7.25, 5.5, 5.75], "texture": "#0"},
				"down": {"uv": [3, 6, 2, 7.5], "texture": "#0"}
			}
		},
		{
			"from": [7, -8, 12],
			"to": [9, -7, 13],
			"rotation": {"angle": 0, "axis": "y", "origin": [0, -15, 0]},
			"faces": {
				"north": {"uv": [5, 7, 5.5, 7.25], "texture": "#0", "tintindex": 0},
				"east": {"uv": [3.75, 8.5, 4, 8.75], "texture": "#0"},
				"south": {"uv": [8.5, 6.5, 9, 6.75], "texture": "#0"},
				"west": {"uv": [3, 8.75, 3.25, 9], "texture": "#0"},
				"up": {"uv": [9, 7, 8.5, 6.75], "texture": "#0"},
				"down": {"uv": [9, 7, 8.5, 7.25], "texture": "#0"}
			}
		},
		{
			"from": [7, -6, 12],
			"to": [9, -5, 13],
			"rotation": {"angle": 0, "axis": "y", "origin": [0, -15, 0]},
			"faces": {
				"north": {"uv": [7.5, 8.5, 8, 8.75], "texture": "#0", "tintindex": 0},
				"east": {"uv": [3.75, 8.75, 4, 9], "texture": "#0"},
				"south": {"uv": [8, 8.5, 8.5, 8.75], "texture": "#0"},
				"west": {"uv": [9, 6.25, 9.25, 6.5], "texture": "#0"},
				"up": {"uv": [9, 8.75, 8.5, 8.5], "texture": "#0"},
				"down": {"uv": [0.5, 8.75, 0, 9], "texture": "#0"}
			}
		},
		{
			"from": [7, -4, 12],
			"to": [9, -3, 13],
			"rotation": {"angle": 0, "axis": "y", "origin": [0, -15, 0]},
			"faces": {
				"north": {"uv": [0.5, 8.75, 1, 9], "texture": "#0", "tintindex": 0},
				"east": {"uv": [9, 6.5, 9.25, 6.75], "texture": "#0"},
				"south": {"uv": [1, 8.75, 1.5, 9], "texture": "#0"},
				"west": {"uv": [9, 6.75, 9.25, 7], "texture": "#0"},
				"up": {"uv": [2, 9, 1.5, 8.75], "texture": "#0"},
				"down": {"uv": [2.5, 8.75, 2, 9], "texture": "#0"}
			}
		},
		{
			"from": [7, -2, 12],
			"to": [9, -1, 13],
			"rotation": {"angle": 0, "axis": "y", "origin": [0, -15, 0]},
			"faces": {
				"north": {"uv": [2.5, 8.75, 3, 9], "texture": "#0", "tintindex": 0},
				"east": {"uv": [9, 7, 9.25, 7.25], "texture": "#0"},
				"south": {"uv": [6, 8.75, 6.5, 9], "texture": "#0"},
				"west": {"uv": [7.5, 9, 7.75, 9.25], "texture": "#0"},
				"up": {"uv": [8, 9, 7.5, 8.75], "texture": "#0"},
				"down": {"uv": [8.5, 8.75, 8, 9], "texture": "#0"}
			}
		},
		{
			"from": [7, 0, 12],
			"to": [9, 1, 13],
			"rotation": {"angle": 0, "axis": "y", "origin": [0, -15, 0]},
			"faces": {
				"north": {"uv": [8.75, 8.25, 9.25, 8.5], "texture": "#0", "tintindex": 0},
				"east": {"uv": [7.75, 9, 8, 9.25], "texture": "#0"},
				"south": {"uv": [8.5, 8.75, 9, 9], "texture": "#0"},
				"west": {"uv": [8, 9, 8.25, 9.25], "texture": "#0"},
				"up": {"uv": [0.5, 9.25, 0, 9], "texture": "#0"},
				"down": {"uv": [1, 9, 0.5, 9.25], "texture": "#0"}
			}
		},
		{
			"from": [7, 2, 10],
			"to": [9, 3, 11],
			"rotation": {"angle": 0, "axis": "y", "origin": [0, -15, 0]},
			"faces": {
				"north": {"uv": [1, 9, 1.5, 9.25], "texture": "#0", "tintindex": 0},
				"east": {"uv": [8.25, 9, 8.5, 9.25], "texture": "#0"},
				"south": {"uv": [1.5, 9, 2, 9.25], "texture": "#0"},
				"west": {"uv": [8.5, 9, 8.75, 9.25], "texture": "#0"},
				"up": {"uv": [2.5, 9.25, 2, 9], "texture": "#0"},
				"down": {"uv": [3, 9, 2.5, 9.25], "texture": "#0"}
			}
		},
		{
			"from": [7, 2, 8],
			"to": [9, 3, 9],
			"rotation": {"angle": 0, "axis": "y", "origin": [0, -15, 0]},
			"faces": {
				"north": {"uv": [3, 9, 3.5, 9.25], "texture": "#0", "tintindex": 0},
				"east": {"uv": [9, 8.5, 9.25, 8.75], "texture": "#0"},
				"south": {"uv": [9, 3, 9.5, 3.25], "texture": "#0"},
				"west": {"uv": [8.75, 9, 9, 9.25], "texture": "#0"},
				"up": {"uv": [9.5, 3.5, 9, 3.25], "texture": "#0"},
				"down": {"uv": [4, 9, 3.5, 9.25], "texture": "#0"}
			}
		},
		{
			"from": [7, 2, 6],
			"to": [9, 3, 7],
			"rotation": {"angle": 0, "axis": "y", "origin": [0, -15, 0]},
			"faces": {
				"north": {"uv": [9, 4.5, 9.5, 4.75], "texture": "#0", "tintindex": 0},
				"east": {"uv": [9, 8.75, 9.25, 9], "texture": "#0"},
				"south": {"uv": [9, 4.75, 9.5, 5], "texture": "#0"},
				"west": {"uv": [9, 9, 9.25, 9.25], "texture": "#0"},
				"up": {"uv": [5.5, 9.25, 5, 9], "texture": "#0"},
				"down": {"uv": [6, 9, 5.5, 9.25], "texture": "#0"}
			}
		},
		{
			"from": [6, -2, 6],
			"to": [10, -1, 7],
			"rotation": {"angle": 0, "axis": "y", "origin": [0, -15, 0]},
			"faces": {
				"north": {"uv": [2.25, 8.5, 3.25, 8.75], "texture": "#0", "tintindex": 0},
				"east": {"uv": [0, 9.25, 0.25, 9.5], "texture": "#0"},
				"south": {"uv": [8.5, 2.25, 9.5, 2.5], "texture": "#0"},
				"west": {"uv": [9.25, 0, 9.5, 0.25], "texture": "#0"},
				"up": {"uv": [9.5, 2.75, 8.5, 2.5], "texture": "#0"},
				"down": {"uv": [9.5, 2.75, 8.5, 3], "texture": "#0"}
			}
		},
		{
			"from": [6, -2, 4],
			"to": [10, 0, 6],
			"rotation": {"angle": 0, "axis": "y", "origin": [0, -15, 0]},
			"faces": {
				"north": {"uv": [6.5, 1.5, 7.5, 2], "texture": "#0", "tintindex": 0},
				"east": {"uv": [8.5, 3, 9, 3.5], "texture": "#0"},
				"south": {"uv": [0, 8.25, 1, 8.75], "texture": "#0"},
				"west": {"uv": [3.25, 8.5, 3.75, 9], "texture": "#0"},
				"up": {"uv": [9.25, 0.5, 8.25, 0], "texture": "#0"},
				"down": {"uv": [9.25, 0.5, 8.25, 1], "texture": "#0"}
			}
		},
		{
			"from": [7, 1, 6],
			"to": [9, 2, 10],
			"rotation": {"angle": 0, "axis": "y", "origin": [0, -15, 0]},
			"faces": {
				"north": {"uv": [6, 9, 6.5, 9.25], "texture": "#0", "tintindex": 0},
				"east": {"uv": [8.5, 3.5, 9.5, 3.75], "texture": "#0"},
				"south": {"uv": [9, 6, 9.5, 6.25], "texture": "#0"},
				"west": {"uv": [8.5, 3.75, 9.5, 4], "texture": "#0"},
				"up": {"uv": [2.5, 6, 2, 5], "texture": "#0"},
				"down": {"uv": [4.5, 6, 4, 7], "texture": "#0"}
			}
		},
		{
			"from": [6, 0, 5],
			"to": [10, 1, 10],
			"rotation": {"angle": 0, "axis": "y", "origin": [0, -15, 0]},
			"faces": {
				"north": {"uv": [8.5, 4, 9.5, 4.25], "texture": "#0", "tintindex": 0},
				"east": {"uv": [8.5, 1.5, 9.75, 1.75], "texture": "#0"},
				"south": {"uv": [8.5, 4.25, 9.5, 4.5], "texture": "#0"},
				"west": {"uv": [8.5, 1.75, 9.75, 2], "texture": "#0"},
				"up": {"uv": [7.5, 6.75, 6.5, 5.5], "texture": "#0"},
				"down": {"uv": [7.5, 6.75, 6.5, 8], "texture": "#0"}
			}
		},
		{
			"from": [7, -9, 10],
			"to": [9, -4, 12],
			"rotation": {"angle": 0, "axis": "y", "origin": [0, -15, 0]},
			"faces": {
				"north": {"uv": [4.5, 8, 5, 9.25], "texture": "#0", "tintindex": 0},
				"east": {"uv": [8, 6, 8.5, 7.25], "texture": "#0"},
				"south": {"uv": [6.5, 8, 7, 9.25], "texture": "#0"},
				"west": {"uv": [7, 8, 7.5, 9.25], "texture": "#0"},
				"up": {"uv": [9, 5, 8.5, 4.5], "texture": "#0"},
				"down": {"uv": [5.5, 8.5, 5, 9], "texture": "#0"}
			}
		},
		{
			"from": [7, -4, 10],
			"to": [9, 2, 12],
			"rotation": {"angle": 0, "axis": "y", "origin": [0, -15, 0]},
			"faces": {
				"north": {"uv": [6, 7.25, 6.5, 8.75], "texture": "#0", "tintindex": 0},
				"east": {"uv": [7.5, 5, 8, 6.5], "texture": "#0"},
				"south": {"uv": [7.5, 6.5, 8, 8], "texture": "#0"},
				"west": {"uv": [4, 8, 4.5, 9.5], "texture": "#0"},
				"up": {"uv": [6, 9, 5.5, 8.5], "texture": "#0"},
				"down": {"uv": [9, 6, 8.5, 6.5], "texture": "#0"}
			}
		},
		{
			"from": [6, -4, 7],
			"to": [10, 0, 11],
			"rotation": {"angle": 0, "axis": "y", "origin": [0, -15, 0]},
			"faces": {
				"north": {"uv": [1, 7.25, 2, 8.25], "texture": "#0", "tintindex": 0},
				"east": {"uv": [3, 7.25, 4, 8.25], "texture": "#0"},
				"south": {"uv": [5, 7.25, 6, 8.25], "texture": "#0"},
				"west": {"uv": [7.5, 1.5, 8.5, 2.5], "texture": "#0"},
				"up": {"uv": [3, 8.5, 2, 7.5], "texture": "#0"},
				"down": {"uv": [8.5, 2.5, 7.5, 3.5], "texture": "#0"}
			}
		}
	],
	"display": {
		"thirdperson_righthand": {
			"rotation": [32, 0, 0],
			"translation": [0, 3, 2],
			"scale": [0.3, 0.3, 0.3]
		},
		"thirdperson_lefthand": {
			"rotation": [17, 0, 0],
			"translation": [0, -1.25, 0.5],
			"scale": [0.3, 0.3, 0.3]
		},
		"firstperson_righthand": {
			"rotation": [32, 0, 0],
			"translation": [0, 4.25, 3],
			"scale": [0.3, 0.3, 0.28]
		},
		"firstperson_lefthand": {
			"rotation": [32, 0, 0],
			"translation": [6.25, 3.25, 3],
			"scale": [0.3, 0.3, 0.3]
		},
		"ground": {
			"translation": [0, -2.5, 0],
			"scale": [0.3, 0.3, 0.3]
		},
		"gui": {
			"translation": [0, -2.5, 0],
			"scale": [0.7, 0.7, 0.7]
		},
		"head": {
			"translation": [0, 5, 0],
			"scale": [1, 0.82, 1]
		},
		"fixed": {
			"translation": [0, -2.25, 0],
			"scale": [0.8, 0.8, 0.8]
		}
	},
	"groups": [
		{
			"name": "Knight",
			"origin": [0, -15, 0],
			"color": 0,
			"children": [0, 1, 2, 3, 4, 5, 6, 7, 8, 9, 10, 11, 12, 13, 14, 15, 16, 17, 18, 19, 20, 21]
		}
	]
}