{
	"credit": "Made with Blockbench",
	"texture_size": [64, 64],
	"textures": {
		"0": "chess:block/white_rook",
		"particle": "chess:block/white_rook"
	},
	"elements": [
		{
			"from": [5, -4, 5],
			"to": [11, -2, 11],
			"rotation": {"angle": 0, "axis": "y", "origin": [0, -20, 0]},
			"faces": {
				"north": {"uv": [3.5, 7, 5, 7.5], "texture": "#0", "tintindex": 0},
				"east": {"uv": [5, 7, 6.5, 7.5], "texture": "#0"},
				"south": {"uv": [6.5, 7, 8, 7.5], "texture": "#0"},
				"west": {"uv": [2, 7.5, 3.5, 8], "texture": "#0"},
				"up": {"uv": [6, 7, 4.5, 5.5], "texture": "#0"},
				"down": {"uv": [3.5, 6, 2, 7.5], "texture": "#0"}
			}
		},
		{
			"from": [5, -1, 5],
			"to": [11, 1, 11],
			"rotation": {"angle": 0, "axis": "y", "origin": [0, -20, 0]},
			"faces": {
				"north": {"uv": [3.5, 7.5, 5, 8], "texture": "#0", "tintindex": 0},
				"east": {"uv": [7.5, 4.5, 9, 5], "texture": "#0"},
				"south": {"uv": [5, 7.5, 6.5, 8], "texture": "#0"},
				"west": {"uv": [7.5, 5, 9, 5.5], "texture": "#0"},
				"up": {"uv": [7.5, 7, 6, 5.5], "texture": "#0"},
				"down": {"uv": [8, 0, 6.5, 1.5], "texture": "#0"}
			}
		},
		{
			"from": [5, 1, 9],
			"to": [6, 3, 11],
			"rotation": {"angle": 0, "axis": "y", "origin": [0, -20, 0]},
			"faces": {
				"north": {"uv": [8, 7, 8.25, 7.5], "texture": "#0", "tintindex": 0},
				"east": {"uv": [2, 5, 2.5, 5.5], "texture": "#0"},
				"south": {"uv": [7.5, 8, 7.75, 8.5], "texture": "#0"},
				"west": {"uv": [2, 5.5, 2.5, 6], "texture": "#0"},
				"up": {"uv": [8, 8.5, 7.75, 8], "texture": "#0"},
				"down": {"uv": [8.25, 8, 8, 8.5], "texture": "#0"}
			}
		},
		{
			"from": [5, 1, 10],
			"to": [7, 3, 11],
			"rotation": {"angle": 0, "axis": "y", "origin": [0, -20, 0]},
			"faces": {
				"north": {"uv": [8, 0, 8.5, 0.5], "texture": "#0", "tintindex": 0},
				"east": {"uv": [8.25, 7, 8.5, 7.5], "texture": "#0"},
				"south": {"uv": [8, 0.5, 8.5, 1], "texture": "#0"},
				"west": {"uv": [8.25, 8, 8.5, 8.5], "texture": "#0"},
				"up": {"uv": [0.5, 8.75, 0, 8.5], "texture": "#0"},
				"down": {"uv": [9, 0, 8.5, 0.25], "texture": "#0"}
			}
		},
		{
			"from": [9, 1, 10],
			"to": [11, 3, 11],
			"rotation": {"angle": 0, "axis": "y", "origin": [0, -20, 0]},
			"faces": {
				"north": {"uv": [8, 1, 8.5, 1.5], "texture": "#0", "tintindex": 0},
				"east": {"uv": [8.5, 0.25, 8.75, 0.75], "texture": "#0"},
				"south": {"uv": [2, 8, 2.5, 8.5], "texture": "#0"},
				"west": {"uv": [0.5, 8.5, 0.75, 9], "texture": "#0"},
				"up": {"uv": [1.25, 8.75, 0.75, 8.5], "texture": "#0"},
				"down": {"uv": [9, 0.75, 8.5, 1], "texture": "#0"}
			}
		},
		{
			"from": [10, 1, 9],
			"to": [11, 3, 11],
			"rotation": {"angle": 0, "axis": "y", "origin": [0, -20, 0]},
			"faces": {
				"north": {"uv": [8.5, 1, 8.75, 1.5], "texture": "#0", "tintindex": 0},
				"east": {"uv": [2.5, 8, 3, 8.5], "texture": "#0"},
				"south": {"uv": [1.25, 8.5, 1.5, 9], "texture": "#0"},
				"west": {"uv": [3, 8, 3.5, 8.5], "texture": "#0"},
				"up": {"uv": [1.75, 9, 1.5, 8.5], "texture": "#0"},
				"down": {"uv": [8.75, 1.5, 8.5, 2], "texture": "#0"}
			}
		},
		{
			"from": [10, 1, 5],
			"to": [11, 3, 7],
			"rotation": {"angle": 0, "axis": "y", "origin": [0, -20, 0]},
			"faces": {
				"north": {"uv": [1.75, 8.5, 2, 9], "texture": "#0", "tintindex": 0},
				"east": {"uv": [3.5, 8, 4, 8.5], "texture": "#0"},
				"south": {"uv": [2, 8.5, 2.25, 9], "texture": "#0"},
				"west": {"uv": [4, 8, 4.5, 8.5], "texture": "#0"},
				"up": {"uv": [8.75, 2.5, 8.5, 2], "texture": "#0"},
				"down": {"uv": [2.5, 8.5, 2.25, 9], "texture": "#0"}
			}
		},
		{
			"from": [9, 1, 5],
			"to": [11, 3, 6],
			"rotation": {"angle": 0, "axis": "y", "origin": [0, -20, 0]},
			"faces": {
				"north": {"uv": [4.5, 8, 5, 8.5], "texture": "#0", "tintindex": 0},
				"east": {"uv": [2.5, 8.5, 2.75, 9], "texture": "#0"},
				"south": {"uv": [5, 8, 5.5, 8.5], "texture": "#0"},
				"west": {"uv": [8.5, 2.5, 8.75, 3], "texture": "#0"},
				"up": {"uv": [3.25, 8.75, 2.75, 8.5], "texture": "#0"},
				"down": {"uv": [9, 3, 8.5, 3.25], "texture": "#0"}
			}
		},
		{
			"from": [5, 1, 5],
			"to": [6, 3, 7],
			"rotation": {"angle": 0, "axis": "y", "origin": [0, -20, 0]},
			"faces": {
				"north": {"uv": [3.25, 8.5, 3.5, 9], "texture": "#0", "tintindex": 0},
				"east": {"uv": [5.5, 8, 6, 8.5], "texture": "#0"},
				"south": {"uv": [8.5, 3.25, 8.75, 3.75], "texture": "#0"},
				"west": {"uv": [6, 8, 6.5, 8.5], "texture": "#0"},
				"up": {"uv": [3.75, 9, 3.5, 8.5], "texture": "#0"},
				"down": {"uv": [4, 8.5, 3.75, 9], "texture": "#0"}
			}
		},
		{
			"from": [5, 1, 5],
			"to": [7, 3, 6],
			"rotation": {"angle": 0, "axis": "y", "origin": [0, -20, 0]},
			"faces": {
				"north": {"uv": [6.5, 8, 7, 8.5], "texture": "#0", "tintindex": 0},
				"east": {"uv": [8.5, 3.75, 8.75, 4.25], "texture": "#0"},
				"south": {"uv": [7, 8, 7.5, 8.5], "texture": "#0"},
				"west": {"uv": [4, 8.5, 4.25, 9], "texture": "#0"},
				"up": {"uv": [4.75, 8.75, 4.25, 8.5], "texture": "#0"},
				"down": {"uv": [9, 4.25, 8.5, 4.5], "texture": "#0"}
			}
		},
		{
			"from": [6, -15, 6],
			"to": [10, -1, 10],
			"rotation": {"angle": 0, "axis": "y", "origin": [0, -15, 0]},
			"faces": {
				"north": {"uv": [4.5, 2, 5.5, 5.5], "texture": "#0", "tintindex": 0},
				"east": {"uv": [0, 5, 1, 8.5], "texture": "#0"},
				"south": {"uv": [1, 5, 2, 8.5], "texture": "#0"},
				"west": {"uv": [5.5, 2, 6.5, 5.5], "texture": "#0"},
				"up": {"uv": [4.5, 7, 3.5, 6], "texture": "#0"},
				"down": {"uv": [7.5, 4.5, 6.5, 5.5], "texture": "#0"}
			}
		},
		{
			"from": [4, -15, 4],
			"to": [12, -12, 12],
			"rotation": {"angle": 0, "axis": "y", "origin": [0, -15, 0]},
			"faces": {
				"north": {"uv": [6.5, 1.5, 8.5, 2.25], "texture": "#0", "tintindex": 0},
				"east": {"uv": [6.5, 2.25, 8.5, 3], "texture": "#0"},
				"south": {"uv": [6.5, 3, 8.5, 3.75], "texture": "#0"},
				"west": {"uv": [6.5, 3.75, 8.5, 4.5], "texture": "#0"},
				"up": {"uv": [4.5, 2, 2.5, 0], "texture": "#0"},
				"down": {"uv": [4.5, 2, 2.5, 4], "texture": "#0"}
			}
		},
		{
			"from": [4, -11, 4],
			"to": [12, -10, 12],
			"rotation": {"angle": 0, "axis": "y", "origin": [0, -15, 0]},
			"faces": {
				"north": {"uv": [6.5, 7.5, 8.5, 7.75], "texture": "#0", "tintindex": 0},
				"east": {"uv": [7.5, 6.5, 9.5, 6.75], "texture": "#0"},
				"south": {"uv": [7.5, 6.75, 9.5, 7], "texture": "#0"},
				"west": {"uv": [6.5, 7.75, 8.5, 8], "texture": "#0"},
				"up": {"uv": [4.5, 6, 2.5, 4], "texture": "#0"},
				"down": {"uv": [6.5, 0, 4.5, 2], "texture": "#0"}
			}
		},
		{
			"from": [3, -15, 3],
			"to": [13, -14, 13],
			"rotation": {"angle": 0, "axis": "y", "origin": [0, -15, 0]},
			"faces": {
				"north": {"uv": [7.5, 5.5, 10, 5.75], "texture": "#0", "tintindex": 0},
				"east": {"uv": [7.5, 5.75, 10, 6], "texture": "#0"},
				"south": {"uv": [7.5, 6, 10, 6.25], "texture": "#0"},
				"west": {"uv": [7.5, 6.25, 10, 6.5], "texture": "#0"},
				"up": {"uv": [2.5, 2.5, 0, 0], "texture": "#0"},
				"down": {"uv": [2.5, 2.5, 0, 5], "texture": "#0"}
			}
		}
	],
	"display": {
		"thirdperson_righthand": {
			"rotation": [32, 0, 0],
			"translation": [0, 3, 2],
			"scale": [0.3, 0.3, 0.3]
		},
		"thirdperson_lefthand": {
			"rotation": [17, 0, 0],
			"translation": [0, -1.25, 0.5],
			"scale": [0.3, 0.3, 0.3]
		},
		"firstperson_righthand": {
			"rotation": [32, 0, 0],
			"translation": [0, 4.25, 3],
			"scale": [0.3, 0.3, 0.28]
		},
		"firstperson_lefthand": {
			"rotation": [32, 0, 0],
			"translation": [6.25, 3.25, 3],
			"scale": [0.3, 0.3, 0.3]
		},
		"ground": {
			"translation": [0, -2.5, 0],
			"scale": [0.3, 0.3, 0.3]
		},
		"gui": {
			"translation": [0, -2.5, 0],
			"scale": [0.7, 0.7, 0.7]
		},
		"head": {
			"translation": [0, 5, 0],
			"scale": [1, 0.82, 1]
		},
		"fixed": {
			"translation": [0, -2.25, 0],
			"scale": [0.8, 0.8, 0.8]
		}
	},
	"groups": [
		{
			"name": "Rook",
			"origin": [0, -15, 0],
			"color": 0,
			"children": [
				{
					"name": "Top",
					"origin": [0, -20, 0],
					"color": 0,
					"children": [0, 1, 2, 3, 4, 5, 6, 7, 8, 9]
				},
				10,
				11,
				12,
				13
			]
		}
	]
}